company,title,link,salary
Middle/ Senior Python Developer,Runa Systems,https://jobs.dev.by/vacancies/21775,от $3500
DevOps Engineer,CTDEV,https://jobs.dev.by/vacancies/20973,No salad
"Senior Software Development Engineer in Test, Engineering Productivity",DataRobot ,https://jobs.dev.by/vacancies/20921,No salad
Data Engineer,Runa Systems,https://jobs.dev.by/vacancies/21800,No salad
DevOps Engineer,Start Matter,https://jobs.dev.by/vacancies/20863,No salad
Senior DevOps/System Engineer,SCAND,https://jobs.dev.by/vacancies/21806,No salad
Lead Python Engineer ,On The Spot Development,https://jobs.dev.by/vacancies/21374,No salad
Data scientist,"A1 (Унитарное предприятие ""А1"")",https://jobs.dev.by/vacancies/19572,No salad
Python Developer,АлюсофтБел,https://jobs.dev.by/vacancies/19070,No salad
Инженер группы планирования магистральной сети,"A1 (Унитарное предприятие ""А1"")",https://jobs.dev.by/vacancies/21132,No salad
Team Lead Python developer,Admitad,https://jobs.dev.by/vacancies/17265,No salad
DevOps,Admitad,https://jobs.dev.by/vacancies/14997,No salad
Senior Python Engineer,Myagi,https://jobs.dev.by/vacancies/20060,$3000—4000
Back-End Engineer,Kontur,https://jobs.dev.by/vacancies/20326,$2500—4000
Back End Database Engineer,"VINT Consult (ООО ""ВИНТ Консалт"")",https://jobs.dev.by/vacancies/21807,$2500—3300
Python Developer,Upsilon-It,https://jobs.dev.by/vacancies/21114,$2000—3000
Python Developer (backend для мобильного приложения),Adleadpro,https://jobs.dev.by/vacancies/21755,$2300—2700
DevOps-инженер,Targetprocess,https://jobs.dev.by/vacancies/7621,от $3500
Python developer,BSL,https://jobs.dev.by/vacancies/21698,от $1000
Backend Technical Lead / СТО,Palta,https://jobs.dev.by/vacancies/21894,No salad
Middle web-developer,Banuba ,https://jobs.dev.by/vacancies/21869,No salad
Senior FullStack Developer at Via,On The Spot Development,https://jobs.dev.by/vacancies/21834,No salad
Cloud DevOps Engineer,Redalpha ,https://jobs.dev.by/vacancies/21700,No salad
QA Automation Engineer (World of Tanks Blitz),Wargaming / Гейм Стрим,https://jobs.dev.by/vacancies/21620,No salad
Senior Backend Engineer (Python) at Via,On The Spot Development,https://jobs.dev.by/vacancies/21599,No salad
Senior Python developer,Admitad,https://jobs.dev.by/vacancies/16953,No salad
DevOps Engineer ,Akvelon,https://jobs.dev.by/vacancies/21829,No salad
Администратор баз данных,Центр Прогрессивных Разработок,https://jobs.dev.by/vacancies/21820,No salad
Senior Python BackEnd ,Offsiteteam,https://jobs.dev.by/vacancies/21742,No salad
Middle / Senior Big Data Engineer,Godel Technologies Europe,https://jobs.dev.by/vacancies/21535,No salad
Senior DevOps Engineer for EverC,Ciklum,https://jobs.dev.by/vacancies/21436,No salad
Python Senior Developer,Itransition,https://jobs.dev.by/vacancies/20809,No salad
Python/JS разработчики,iCode,https://jobs.dev.by/vacancies/18712,No salad
Python Developer,Start Matter,https://jobs.dev.by/vacancies/18624,No salad
"Senior UI/UX Engineer, Feature Discovery",DataRobot ,https://jobs.dev.by/vacancies/21901,No salad
PaaS Systems Engineer,Netcracker,https://jobs.dev.by/vacancies/21883,No salad
Python Engineer,Inspectorio,https://jobs.dev.by/vacancies/21686,No salad
Senior SRE Engineer for EVRYTHNG,Ciklum,https://jobs.dev.by/vacancies/20955,No salad
DevOps Middle Engineer,Itransition,https://jobs.dev.by/vacancies/20684,No salad
"Преподаватель Python, Java или JS",BELHARD,https://jobs.dev.by/vacancies/14753,No salad
Senior Python developer,Intetics ,https://jobs.dev.by/vacancies/21891,No salad
Python Middle Developer,Itransition,https://jobs.dev.by/vacancies/20704,No salad
"Backend Engineer (Middle) (Python, Go)","ООО “Йондер Медиа Мобайл БиУай""",https://jobs.dev.by/vacancies/20193,No salad
Middle / Senior Python Engineer,On The Spot Development,https://jobs.dev.by/vacancies/19829,No salad
"Software Engineer, Business Engineering",DataRobot ,https://jobs.dev.by/vacancies/18849,No salad
Back-end Developer,DERIV,https://jobs.dev.by/vacancies/21726,No salad
QA Automation Engineer,HiQo Solutions,https://jobs.dev.by/vacancies/21702,No salad
Senior QA Qutomation,Melsoft Games,https://jobs.dev.by/vacancies/21635,No salad
Odoo Developer,Itransition,https://jobs.dev.by/vacancies/20807,No salad
Обслуживание сайта на Java и Python,"ООО ""ЕвроЛомбард""",https://jobs.dev.by/vacancies/20319,No salad
Middle Python developer,Admitad,https://jobs.dev.by/vacancies/15887,No salad
Python developer,Admitad,https://jobs.dev.by/vacancies/15261,No salad
