company,title,link,location
Frontend Developer/HTML-coder, SoftSwiss,https://rabota.by/vacancy/42181444?query=react,Минск
Senior React Developer, Scand,https://rabota.by/vacancy/42144111?query=react,Минск
.NET Developer, Technoton,https://rabota.by/vacancy/41496426?query=react,"Минск, Могилевская"
Senior Front-End Developer (CoinsPaid), SoftSwiss,https://rabota.by/vacancy/42181456?query=react,Минск
Frontend-разработчик на React.js ( Middle ),ООО Интелико Системс,https://rabota.by/vacancy/42029648?query=react,"Минск, Кунцевщина"
Senior React/React Native Developer, Social Discovery Ventures,https://hh.ru/vacancy/42121730?query=react,"Минск, Восток и еще 1 "
Senior Frontend Developer (React), RocketData,https://rabota.by/vacancy/42117939?query=react,"Минск, Восток и еще 1 "
Middle+/Senior React Web Developer, Mobigility Inc.,https://hh.ru/vacancy/41016654?query=react,Минск
Front-end developer (ReactJS),ООО Финансово-инвестиционная компания ИНХО,https://rabota.by/vacancy/41413569?query=react,"Минск, Академия наук"
JS-разработчик,ООО Айтигенио,https://rabota.by/vacancy/41605005?query=react,Минск
Frontend-разработчик (React),ООО ФоксТри,https://rabota.by/vacancy/41564054?query=react,"Минск, Молодежная"
React.js Developer,ООО Скандивеб Бел,https://rabota.by/vacancy/40480266?query=react,Минск
Senior JS Developer (React Native), Social Discovery Ventures,https://hh.ru/vacancy/41422693?query=react,"Минск, Восток и еще 1 "
Front-end developer (React / React Native),ЗАО Научсофт,https://rabota.by/vacancy/41708821?query=react,Минск
Front-end developer (React / React Native),ЗАО Научсофт,https://rabota.by/vacancy/41824759?query=react,Минск
Middle React Native/ Front-end Developer,ООО Воннаплэй,https://rabota.by/vacancy/41661562?query=react,"Минск, Молодежная"
Frontend developer (React),ООО Он Зэ Спот Девелопмент,https://rabota.by/vacancy/41072571?query=react,Минск
Javascript (React) developer,ИП Солоневич Д. А.,https://rabota.by/vacancy/41485442?query=react,Минск
React/redux developer,ЗАО Научсофт,https://rabota.by/vacancy/41898173?query=react,Минск
"Remote Senior Front-End Developer (JS, React, HTML, CSS)", TradeTheNews.com,https://hh.ru/vacancy/41970907?query=react,Минск
"Middle Frontend Developer (React/React Native, Angular)", ПикселПлекс,https://rabota.by/vacancy/41747392?query=react,"Минск, Пушкинская"
React Developer, Godel Technologies Europe,https://rabota.by/vacancy/39615218?query=react,Минск
React Developer, Abiatec,https://rabota.by/vacancy/42031554?query=react,"Минск, Московская"
Front-end (React) Developer,ООО Джаз Пикселз,https://rabota.by/vacancy/42046380?query=react,"Минск, Площадь Победы и еще 1 "
Junior+/Middle Frontend разработчик (React/Angular/Vue), Innowise Group / Фабрика инноваций и решений,https://rabota.by/vacancy/42032738?query=react,Минск
Frontend-разработчик / HTML-верстальщик (middle/senior),ООО Эдтехсофт,https://rabota.by/vacancy/41214238?query=react,"Минск, Восток"
JavaScript (React) Developer, Andersen,https://rabota.by/vacancy/42018302?query=react,Минск
PHP разработчик (Junior/Middle),ООО Розум Системс,https://rabota.by/vacancy/41593150?query=react,"Минск, Парк Челюскинцев"
React Native Developer, iTechArt Group,https://rabota.by/vacancy/42155585?query=react,"Минск, Институт Культуры"
Middle React Developer, IBA Group,https://rabota.by/vacancy/42026742?query=react,"Минск, Уручье"
React/React Native Developer, Belitsoft,https://rabota.by/vacancy/41183615?query=react,Минск
React / TypeScript Developer,ООО СолбегСофт,https://rabota.by/vacancy/40345880?query=react,Минск
Middle Back-End Node.JS Developer,ООО Greenwich Group,https://hh.ru/vacancy/41829171?query=react,Минск
Front-end developer (Vue.js),ЗАО Номари продакшн,https://rabota.by/vacancy/42043129?query=react,Минск
Web developer,ООО Лайфтех,https://rabota.by/vacancy/38868448?query=react,Минск
Frontend-разработчик,ООО Кернеликс / Kernelics,https://rabota.by/vacancy/41841659?query=react,"Минск, Восток и еще 1 "
Trainee/front-end developer,ООО Ниблсофт,https://rabota.by/vacancy/41834337?query=react,"Минск, Октябрьская"
Frontend JavaScript Developer WP, EXANTE,https://hh.ru/vacancy/41842520?query=react,Минск
Junior Javascript Developer,ООО Икс-футурум,https://rabota.by/vacancy/41760173?query=react,Минск
Frontend developer, av.by,https://rabota.by/vacancy/41774236?query=react,"Минск, Московская"
Frontend Developer (React/React Native),ООО Ломрей Софтвер,https://rabota.by/vacancy/41748141?query=react,"Минск, Молодежная и еще 2 "
Frontend Developer, Пари-Матч,https://rabota.by/vacancy/41830084?query=react,"Минск, Борисовский тракт"
Front-end Developer (AngularJS/React),ООО Икс-футурум,https://rabota.by/vacancy/41760190?query=react,Минск
React Front-end Developer, Itransition,https://rabota.by/vacancy/40802409?query=react,Минск
Middle Front-end Developer (React), СофтКлуб,https://rabota.by/vacancy/41713971?query=react,"Минск, Уручье"
Разработчик React," АЛИДИ-Вест, ИООО",https://rabota.by/vacancy/41723007?query=react,"Минск, Кунцевщина"
Javascript (React) Developer, Andersen,https://rabota.by/vacancy/41783203?query=react,"Минск, Немига"
Senior React Front-end Developer, Itransition,https://rabota.by/vacancy/40802497?query=react,Минск
Front-end developer (React), Частное предприятие AйФьючер / iFuture,https://rabota.by/vacancy/41700508?query=react,"Минск, Институт Культуры и еще 1 "
Middle Frontend разработчик (React),ООО СолвИтТим,https://rabota.by/vacancy/41749248?query=react,Минск
React Developer,ООО Смарт АйТи,https://rabota.by/vacancy/41749749?query=react,"Минск, Молодежная и еще 1 "
React Developer, Andersen,https://rabota.by/vacancy/41744831?query=react,Минск
Мiddle/Senior React developer, GranSoft,https://hh.ru/vacancy/41667581?query=react,Минск
Back-end разработчик (node.js),ООО Ниблсофт,https://rabota.by/vacancy/41693615?query=react,"Минск, Октябрьская"
React Developer, Scand,https://rabota.by/vacancy/41610359?query=react,Минск
Front - End Developer (React) / Middle,ООО Орион Софт,https://rabota.by/vacancy/41624252?query=react,Минск
Front-end (React) разработчик, Andersen,https://rabota.by/vacancy/41677057?query=react,Минск
Frontend developer (React),ООО СофтКорп,https://rabota.by/vacancy/40999301?query=react,Минск
Kotlin-разработчик, Metacommerce,https://hh.ru/vacancy/41998566?query=react,Минск
Senior React Developer,УП МБайсикл,https://rabota.by/vacancy/41746213?query=react,"Минск, Купаловская и еще 2 "
React Developer (middle),ООО Либертайм,https://rabota.by/vacancy/41599521?query=react,"Минск, Немига и еще 1 "
Front-end Developer (React),ООО WM Reply,https://rabota.by/vacancy/41526112?query=react,"Минск, Парк Челюскинцев"
Front-End Developer (React-Native/React),ООО Белко Технолоджис,https://rabota.by/vacancy/41469235?query=react,"Минск, Молодежная и еще 1 "
Middle front-end разработчик,ООО БАНКОРП,https://rabota.by/vacancy/41563549?query=react,Минск
Front-end Developer (JavaScript),ООО Вайзор Геймз,https://rabota.by/vacancy/41852261?query=react,Минск
JavaScript (React) developer, Аристек Системс,https://rabota.by/vacancy/40908326?query=react,"Минск, Московская и еще 2 "
Front-End Developer (React.js), Qulix Systems,https://rabota.by/vacancy/41471245?query=react,"Минск, Спортивная"
Front-End Developer (React), instinctools,https://rabota.by/vacancy/41562371?query=react,Минск
"Front-end Developer / Mentor (JavaScript, React)",ИП Севостьянов Герман Дмитриевич,https://hh.ru/vacancy/41478464?query=react,Минск
Middle Front-end Developer (React), SoftTeco,https://rabota.by/vacancy/41479257?query=react,Минск
Frontend разработчик Angular, Palex Group,https://hh.ru/vacancy/41761223?query=react,Минск
Junior Front-end Developer, iTechArt Group,https://rabota.by/vacancy/41461466?query=react,"Минск, Институт Культуры"
React Native, Andersen,https://rabota.by/vacancy/41600109?query=react,Минск
React Native Developer, Paralect,https://rabota.by/vacancy/41484855?query=react,Минск
Senior Front-end developer, APALON,https://rabota.by/vacancy/41648091?query=react,Минск
Web-разработчик fullstack (Laravel + Vue.JS), Vasterra,https://hh.ru/vacancy/41808539?query=react,Минск
React Native Developer Trainee,ООО СМ Технолоджис,https://rabota.by/vacancy/41601484?query=react,Минск
Front-end developer, 21vek.by,https://rabota.by/vacancy/39162304?query=react,Минск
React Javascript Engineer/Developer,ООО Флэтлоджик,https://rabota.by/vacancy/41479136?query=react,Минск
React developer,ООО Эйчеф-Солюшен,https://rabota.by/vacancy/42145532?query=react,Минск
Frontend development coach (преподаватель по верстке/JavaScript/React),ООО Ломрей Софтвер,https://rabota.by/vacancy/42141210?query=react,"Минск, Молодежная и еще 2 "
React/Redux Front-end developer," СОФТ-МЭЙК, ЧП",https://rabota.by/vacancy/42005502?query=react,Минск
React Native разработчик,ООО Эксор ЛТД,https://rabota.by/vacancy/42071392?query=react,Минск
Senior Backend (Node.js) Engineer,ООО ЭлектроСмайл,https://rabota.by/vacancy/41937270?query=react,Минск
Middle React developer,ООО АпгейтЕвропа,https://rabota.by/vacancy/41927140?query=react,Минск
Front-end Developer (React / React Native),ООО СолбегСофт,https://rabota.by/vacancy/41405311?query=react,Минск
Front-End React Developer,ООО Корвист,https://rabota.by/vacancy/41761035?query=react,"Минск, Академия наук"
Front-end developer (Clockwork), Cedon BLR,https://rabota.by/vacancy/41974237?query=react,Минск
Front-end developer (React.JS), Девхаб,https://rabota.by/vacancy/40439610?query=react,Минск
Junior+ / Middle React Developer,ИП Чумаченко Е. В.,https://rabota.by/vacancy/41554625?query=react,Минск
Frontend Developer (React || React Native), Савицкий С.Г,https://rabota.by/vacancy/41078991?query=react,Минск
Front-e‎nd разработчик, Овернокс,https://rabota.by/vacancy/41034177?query=react,Минск
Веб-разработчик (PHP+MySQL+JavaScript),ООО МедиаМарт,https://rabota.by/vacancy/41882726?query=react,"Минск, Институт Культуры"
Senior Front-end Developer (React),ООО Avanta / Сампад,https://rabota.by/vacancy/40875322?query=react,"Минск, Купаловская и еще 2 "
Frontend developer (Angular),ИП Москаленко М. О.,https://rabota.by/vacancy/41639603?query=react,Минск
Middle/Senior Front-end developer, ID Finance,https://rabota.by/vacancy/42114514?query=react,"Минск, Уручье"
PHP / JS (Fullstack) developer,ООО АКДев Групп,https://rabota.by/vacancy/42084287?query=react,"Минск, Московская"
Angular Developer, Scand,https://rabota.by/vacancy/42030174?query=react,Минск
Senior JavaScript developer,ООО БЛД Софт,https://rabota.by/vacancy/42116280?query=react,Минск
Senior Java Developer,Иностр. п. 4Текноладжиз,https://rabota.by/vacancy/42115189?query=react,Минск
Golang-разработчик, IBA Group,https://rabota.by/vacancy/42171285?query=react,"Минск, Уручье"
Lead Developer .NET, Targetprocess LLC,https://rabota.by/vacancy/40829896?query=react,Минск
Программист 1C, SoftSwiss,https://rabota.by/vacancy/42098080?query=react,Минск
Business Analyst - Disaster Management,ООО Контурные карты,https://rabota.by/vacancy/41436914?query=react,Минск
Senior React Developer, SoftSwiss,https://rabota.by/vacancy/42043872?query=react,Минск
Senior Frontend Developer (React), Logic Software Inc.,https://rabota.by/vacancy/41480200?query=react,Минск
Frontend Developer,ООО Изибрэйн,https://rabota.by/vacancy/42017756?query=react,"Минск, Молодежная"
"Junior Full-Stack Developer (JavaScript, Node.js, React.js, React Native, Angular, Ionic, Vue.js)",ООО Фреш Лайм Софт,https://rabota.by/vacancy/42117183?query=react,Минск
Lead Front-end Developer, CactusSoft,https://rabota.by/vacancy/41830052?query=react,Минск
PHP (Laravel) Developer, Abiatec,https://rabota.by/vacancy/41472012?query=react,"Минск, Московская"
Front-end developer,ООО МАКСБИТСОЛЮШЕН,https://rabota.by/vacancy/41461245?query=react,"Минск, Тракторный завод"
Front-end React.JS Developer, Фингерз Медиа,https://rabota.by/vacancy/41979997?query=react,"Минск, Московская"
Front-end developer, BP Mobile,https://rabota.by/vacancy/41181021?query=react,Минск
Front-end разработчик (Middle или Senior), JazzTeam,https://rabota.by/vacancy/41811413?query=react,"Минск, Площадь Якуба Коласа"
Middle/Senior Front-end developer,ООО ОХИС СИСТЕМС,https://rabota.by/vacancy/42168316?query=react,"Минск, Немига"
Frontend Developer,ООО ДЕВСТРИМ,https://rabota.by/vacancy/41096735?query=react,Минск
Javascript developer (Middle+/Senior),ООО Софтнетикс,https://rabota.by/vacancy/42156362?query=react,"Минск, Октябрьская"
Front End developer,ООО ВЭБ Технологии,https://rabota.by/vacancy/41454237?query=react,Минск
Junior PHP & Web Developer,ООО Скандивеб Бел,https://rabota.by/vacancy/40480466?query=react,Минск
Frontend developer at Luna,ООО Он Зэ Спот Девелопмент,https://rabota.by/vacancy/40450431?query=react,Минск
Middle/Senior Front-end developer,ООО Телесфор Софтваре,https://rabota.by/vacancy/41614214?query=react,Минск
Front-еnd Developer,ООО Авентус ИТ,https://rabota.by/vacancy/41640825?query=react,Минск
Node.js/Full-stack Developer, iTechArt Group,https://rabota.by/vacancy/41649031?query=react,"Минск, Институт Культуры"
Front-end Developer,ООО ВайФай Мэп,https://rabota.by/vacancy/42134781?query=react,Минск
Senior Front-end Developer, RichBrains,https://rabota.by/vacancy/41513806?query=react,Минск
Frontend Developer, ArasCorp,https://rabota.by/vacancy/41973953?query=react,"Минск, Первомайская и еще 1 "
Front-end developer (middle),ООО Визутех Плейтинг,https://rabota.by/vacancy/42005380?query=react,Минск
Frontend-разработчик,ООО Рингл технолоджис,https://rabota.by/vacancy/41592861?query=react,Минск
Full-stack developer (Electron/NodeJS),ООО Рингл технолоджис,https://rabota.by/vacancy/41458547?query=react,Минск
Frontend разработчик (JavaScript), Tango Me,https://hh.ru/vacancy/41961736?query=react,Минск
Node.js BackEnd developer, Aetsoft,https://rabota.by/vacancy/41689691?query=react,"Минск, Михалово"
Front-end Developer, iTechArt Group,https://rabota.by/vacancy/42010939?query=react,"Минск, Институт Культуры"
Front-End (Vue.JS) Developer,ООО WM Reply,https://rabota.by/vacancy/41962870?query=react,"Минск, Парк Челюскинцев"
Senior Frontend developer, SaM Solutions Самсолюшнс,https://rabota.by/vacancy/41095104?query=react,Минск
JavaScript Developer (React), Oxagile,https://rabota.by/vacancy/41883300?query=react,Минск
Senior Frontend Developer, Синезис,https://rabota.by/vacancy/38868320?query=react,"Минск, Площадь Якуба Коласа"
Middle/Senior Frontend-разработчик (Vue/Аngular/React), Innowise Group / Фабрика инноваций и решений,https://rabota.by/vacancy/38793663?query=react,Минск
Front-end Developer,ООО СолбегСофт,https://rabota.by/vacancy/41803752?query=react,Минск
Senior JavaScript Developer (React), Exadel,https://rabota.by/vacancy/41748676?query=react,Минск
Node.JS developer, Syberry CIS,https://rabota.by/vacancy/41421953?query=react,"Минск, Институт Культуры"
Full-stack Developer (Node.js + Angular/ React), Bamboo Group,https://rabota.by/vacancy/41770391?query=react,"Минск, Восток"
Frontend Developer,ООО Melsoft Games,https://rabota.by/vacancy/40539468?query=react,Минск
Front-end Developer,ООО Клика Тек,https://rabota.by/vacancy/41648774?query=react,Минск
Front-end Developer,ООО СМ Технолоджис,https://rabota.by/vacancy/41601822?query=react,Минск
Senior Frontend Developer (React.js), EIS Group,https://rabota.by/vacancy/39276650?query=react,"Минск, Грушевка"
Frontend - разработчик,ООО Волошин Медиа / VOLOSHIN IT AGENCY,https://rabota.by/vacancy/41619469?query=react,Минск
Front-end developer, BelVG,https://rabota.by/vacancy/38635234?query=react,"Минск, Молодежная"
Frontend-разработчик,ООО И-Экс-Пи Кэпитал,https://rabota.by/vacancy/41433697?query=react,Минск
Front-end программист, SaM Solutions Самсолюшнс,https://rabota.by/vacancy/41504771?query=react,"Минск, Московская"
Python Middle+ Программист,ООО Неро Электроникс,https://rabota.by/vacancy/41484657?query=react,Минск
PHP-программист (Laravel),ИП Москаленко М. О.,https://rabota.by/vacancy/41797817?query=react,Минск
HTML-верстальщик (team lead),ООО СофтКорп,https://rabota.by/vacancy/42162214?query=react,Минск
JavaScript / TypeScript Engineer (React),ООО Эволюшн Продактс Девелопмент,https://rabota.by/vacancy/31613097?query=react,"Минск, Восток"
Full-stack JavaScript Developer,ООО СМ Технолоджис,https://rabota.by/vacancy/42143872?query=react,Минск
Frontend-разработчик в Дзен, Яндекс,https://hh.ru/vacancy/41147381?query=react,Минск
Full Stack Developer, ArasCorp,https://rabota.by/vacancy/41420530?query=react,"Минск, Первомайская и еще 1 "
Front-end Developer (3D modeling), iTechArt Group,https://rabota.by/vacancy/39966756?query=react,"Минск, Институт Культуры"
"Frontend (React) Engineer - Video Experiences, Technology",ООО Дельтатрэ,https://rabota.by/vacancy/41999773?query=react,Минск
Senior Mobile Developer (Старший разработчик React Native), BookedBy,https://hh.ru/vacancy/42061918?query=react,Минск
Full-stack developer,ЗАО Научсофт,https://rabota.by/vacancy/41524265?query=react,Минск
.NET developer,ООО Финстек Бел,https://rabota.by/vacancy/40715136?query=react,"Минск, Молодежная"
"Front-end Developer (3D, HealthTech)", iTechArt Group,https://rabota.by/vacancy/39987119?query=react,"Минск, Институт Культуры"
Junior Progressive Web App (PWA) Developer,ООО Скандивеб Бел,https://rabota.by/vacancy/40480200?query=react,Минск
Node.js Full Stack Developer, Paralect,https://rabota.by/vacancy/41402786?query=react,Минск
Junior Magento Developer,ООО Скандивеб Бел,https://rabota.by/vacancy/40480180?query=react,Минск
Ведущий WordPress-разработчик,Иностр. п. Admitad,https://rabota.by/vacancy/42071964?query=react,Минск
Junior FullStack .Net Developer (Trainee / Students Lab), iTechArt Group,https://rabota.by/vacancy/37723501?query=react,"Минск, Институт Культуры"
Golang / Backend developer, Helios Companies,https://hh.ru/vacancy/42157465?query=react,Минск
Junior .Net Developer,ООО Финстек Бел,https://rabota.by/vacancy/42102585?query=react,"Минск, Молодежная"
React-native developer, Девхаб,https://rabota.by/vacancy/40807857?query=react,Минск
Junior .Net Developer," ИООО Синэво, медицинская лаборатория",https://rabota.by/vacancy/42181712?query=react,Минск
Principal Engineer (Ruby/React/AWS), FORTE Group,https://rabota.by/vacancy/42044292?query=react,"Минск, Грушевка"
Senior Javascript Engineer,ООО Инспекторио Бел,https://rabota.by/vacancy/42041862?query=react,"Минск, Немига"
Front-End/Full stack Developer, Belitsoft,https://rabota.by/vacancy/41410318?query=react,Минск
Java-разработчик, Innowise Group / Фабрика инноваций и решений,https://rabota.by/vacancy/41412413?query=react,Минск
Senior Full Stack Developer (.NET/ReactJS),ООО Сайдвэйс 6 Девелопмент,https://rabota.by/vacancy/38590306?query=react,Минск
Salesforce-разработчик, Aquiva Labs,https://hh.ru/vacancy/39104688?query=react,Минск
Salesforce Developer Middle/Senior,ООО Джет Би Ай,https://rabota.by/vacancy/41528734?query=react,Минск
Senior .NET Developer,ООО Финстек Бел,https://rabota.by/vacancy/41039187?query=react,"Минск, Молодежная"
Full Stack Developer for EverC, Ciklum,https://hh.ru/vacancy/41750845?query=react,Минск
Middle/Senior Full Stack Developer," СпурАйТи, ЧУП",https://rabota.by/vacancy/41797571?query=react,"Минск, Борисовский тракт и еще 1 "
Full-stack developer,ООО Райкири Клауд,https://rabota.by/vacancy/42159292?query=react,Минск
Lead Golang developer (Remote)," Affise, Inc.",https://rabota.by/vacancy/42106642?query=react,Минск
Frontend Developer (JS/Angular), TouchSoft,https://rabota.by/vacancy/42074079?query=react,"Минск, Московская"
Fullstack Engineer at Soomla,ООО Он Зэ Спот Девелопмент,https://rabota.by/vacancy/42172050?query=react,Минск
Senior FullStack Developer,ООО Он Зэ Спот Девелопмент,https://rabota.by/vacancy/42030265?query=react,Минск
Middle/Senior Front-end Developer, Mainsoft,https://rabota.by/vacancy/42061098?query=react,"Минск, Петровщина"
Mobile Developer (Android/iOS),ООО Датарокетс,https://rabota.by/vacancy/41528277?query=react,Минск
Middle / Senior BackEnd developer,ООО Он Зэ Спот Девелопмент,https://rabota.by/vacancy/40581434?query=react,Минск
Lead Python Engineer at Orca Security,ООО Он Зэ Спот Девелопмент,https://rabota.by/vacancy/40862478?query=react,Минск
Senior Ruby Developer at Shoptagr,ООО Он Зэ Спот Девелопмент,https://rabota.by/vacancy/40993221?query=react,Минск
Senior Backend Engineer (Python),ООО Он Зэ Спот Девелопмент,https://rabota.by/vacancy/41417310?query=react,Минск
JavaScript Fullstack Engineer, Intetics,https://rabota.by/vacancy/41925403?query=react,"Минск, Молодежная"
Junior / Junior+ QA Engineer at Shoptagr,ООО Он Зэ Спот Девелопмент,https://rabota.by/vacancy/41892648?query=react,Минск
Tech Lead Frontend Developer (Tooling), EIS Group,https://rabota.by/vacancy/40803775?query=react,"Минск, Грушевка"
Middle+/Senior JavaScript Engineer (Full Stack),ООО Satellite Innovations / Сателлит Инновейшнс,https://rabota.by/vacancy/42155746?query=react,"Минск, Академия наук"
Middle / Senior Java Developer, Godel Technologies Europe,https://rabota.by/vacancy/37880940?query=react,Минск
Ruby Developer, iTechArt Group,https://rabota.by/vacancy/42061571?query=react,"Минск, Институт Культуры"
Magento разработчик со знанием английского (senior/middle), Мобеклс,https://rabota.by/vacancy/41190778?query=react,Минск
SAPUI5 Developer, LeverX International,https://rabota.by/vacancy/42150215?query=react,Минск
Team Lead Full-Stack Developer, Andersen,https://rabota.by/vacancy/42173961?query=react,Минск
Supply Chain Manager, Тубоскан ЛС,https://rabota.by/vacancy/42083425?query=react,Минск
Lead Full Stack developer, Intetics,https://rabota.by/vacancy/40868858?query=react,"Минск, Молодежная"
"Back End Engineer (Postgres, Java) - Disaster Management",ООО Контурные карты,https://rabota.by/vacancy/41671201?query=react,Минск
DevOps Engineer,ООО Он Зэ Спот Девелопмент,https://rabota.by/vacancy/41518512?query=react,Минск
Amazon PPC Specialist,ООО ДЖИ М ВАЙ Консалтинг Групп / GMY Consulting Group,https://rabota.by/vacancy/41885357?query=react,"Минск, Первомайская"
"Backend Engineer, RAVE Tooling",ООО МэпДэйта,https://rabota.by/vacancy/41405928?query=react,Минск
Technical Business Development Specialist,ООО Скандивеб Бел,https://rabota.by/vacancy/41649863?query=react,Минск
Senior/Lead DevOps Engineer, Social Discovery Ventures,https://hh.ru/vacancy/42143280?query=react,"Минск, Восток и еще 1 "
Python / Web Developer, Иванцова Марина Григорьевна,https://rabota.by/vacancy/42032000?query=react,Минск
Senior Frontend Developer, EIS Group,https://rabota.by/vacancy/36840113?query=react,"Минск, Грушевка"
Junior Python developer,ЗАО Научсофт,https://rabota.by/vacancy/41858311?query=react,Минск
React Native Developer,ООО АксамИТ Мобайл Солюшнс,https://rabota.by/vacancy/42001203?query=react,Минск
PHP Developer, iTechArt Group,https://rabota.by/vacancy/37371112?query=react,"Минск, Институт Культуры"
Front-end Developer, Emerline,https://rabota.by/vacancy/41650618?query=react,"Минск, Уручье"
Full-stack .Net developer,ООО Касея БЛР,https://rabota.by/vacancy/42001249?query=react,Минск
.NET Developer,ООО WM Reply,https://rabota.by/vacancy/41964484?query=react,"Минск, Парк Челюскинцев"
Tech Lead PHP Developer," СпурАйТи, ЧУП",https://rabota.by/vacancy/42003494?query=react,"Минск, Борисовский тракт и еще 1 "
Full Stack Developer in Minsk working for our US office,ООО WM Reply,https://rabota.by/vacancy/39541229?query=react,"Минск, Парк Челюскинцев"
Java Developer, Qulix Systems,https://rabota.by/vacancy/41967944?query=react,"Минск, Спортивная"
Junior Ruby Developer, iTechArt Group,https://rabota.by/vacancy/40752617?query=react,"Минск, Институт Культуры"
.NET (Sitecore) Developer,ООО WM Reply,https://rabota.by/vacancy/41963864?query=react,"Минск, Парк Челюскинцев"
IT-рекрутер,ООО Лайфтех,https://rabota.by/vacancy/41583502?query=react,Минск
Frontend разработчик в продуктовую компанию,ООО СтилтСофт Девелопмент,https://rabota.by/vacancy/41793124?query=react,Минск
Senior Python Developer, RocketData,https://rabota.by/vacancy/41173956?query=react,"Минск, Восток и еще 1 "
Full-stack developer, Синезис,https://rabota.by/vacancy/41962613?query=react,"Минск, Площадь Якуба Коласа"
Frontend Architect, SaM Solutions Самсолюшнс,https://rabota.by/vacancy/41100657?query=react,Минск
Microsoft 365 Developer in Minsk working for our US office,ООО WM Reply,https://rabota.by/vacancy/39540890?query=react,"Минск, Парк Челюскинцев"
Middle / Senior / Lead .Net Developer, Godel Technologies Europe,https://rabota.by/vacancy/40116769?query=react,Минск
Инженер-программист (Frontend developer),ООО Лайфтех,https://rabota.by/vacancy/41934799?query=react,Минск
Junior .Net Developer, Elilink,https://rabota.by/vacancy/41946409?query=react,Минск
Mid + JavaScript Developer (Opportunity 2), Oxagile,https://rabota.by/vacancy/41943986?query=react,Минск
ServiceNow Developer ( Middle + / Senior / Lead ),ООО СолбегСофт,https://rabota.by/vacancy/41966970?query=react,Минск
Scala Developer, iTechArt Group,https://rabota.by/vacancy/40749678?query=react,"Минск, Институт Культуры"
Javascript developer," Плэйтика Бел, ИООО",https://rabota.by/vacancy/40159754?query=react,Минск
PHP (Symfony) Developer, Andersen,https://rabota.by/vacancy/41886142?query=react,"Минск, Немига"
Ведущий системный аналитик, IBA Group,https://rabota.by/vacancy/39872833?query=react,"Минск, Площадь Якуба Коласа"
Golang engineer (FinTech), SoftSwiss,https://rabota.by/vacancy/41251472?query=react,Минск
Full-stack JS Engineer,ООО Кернеликс / Kernelics,https://rabota.by/vacancy/41841681?query=react,"Минск, Восток и еще 1 "
PHP-разработчик,ООО Ай Кью Клаш,https://rabota.by/vacancy/41837730?query=react,"Минск, Пролетарская"
Ops Engineer, 21vek.by,https://rabota.by/vacancy/39138163?query=react,Минск
Fullstack PHP Developer, SoftSwiss,https://rabota.by/vacancy/41850666?query=react,Минск
Full-stack PHP developer,ООО Зефир Девелопмент / Zephyrmobile,https://rabota.by/vacancy/40739247?query=react,"Минск, Фрунзенская"
Junior PHP Developer, iTechArt Group,https://rabota.by/vacancy/38364190?query=react,"Минск, Институт Культуры"
Java developer, Syberry CIS,https://rabota.by/vacancy/37834936?query=react,"Минск, Институт Культуры"
.Net разработчик,ОАО Белорусская универсальная товарная биржа,https://rabota.by/vacancy/41814516?query=react,"Минск, Институт Культуры"
Senior Front-end Engineer (React),ООО АйТиЭйч Девелопмент,https://rabota.by/vacancy/41800579?query=react,Минск
Junior Full-stack JS Developer (Trainee/Students Lab), iTechArt Group,https://rabota.by/vacancy/39269159?query=react,Минск
Middle+ Ruby on Rails developer,ООО Апподил,https://rabota.by/vacancy/41843619?query=react,"Минск, Немига"
Middle FullStack Javascript Developer, Elilink,https://rabota.by/vacancy/41812955?query=react,"Минск, Академия наук"
Front-end Senior Developer, Itransition,https://rabota.by/vacancy/41169614?query=react,Минск
FullStack .NET Developer, Paralect,https://rabota.by/vacancy/41827221?query=react,Минск
Software Tester / QA Engineer - Disaster Management,ООО Контурные карты,https://rabota.by/vacancy/41867716?query=react,Минск
PHP-программист,ООО ИнфоИдея,https://rabota.by/vacancy/41407864?query=react,"Минск, Спортивная"
Junior Python Developer (Trainee/Students Lab), iTechArt Group,https://rabota.by/vacancy/40806625?query=react,"Минск, Институт Культуры"
.Net Senior Developer, Itransition,https://rabota.by/vacancy/37898077?query=react,Минск
Senior PHP Developer (Remote work), TheSoul Publishing (AdMe),https://hh.ru/vacancy/41813043?query=react,Минск
Senior Front-End Developer, FORTE Group,https://rabota.by/vacancy/41766797?query=react,"Минск, Грушевка"
Frontend Engineer (Angular), Bamboo Group,https://rabota.by/vacancy/41740910?query=react,"Минск, Восток"
Junior React Native Developer (Trainee/Students Lab), iTechArt Group,https://rabota.by/vacancy/40710328?query=react,"Минск, Институт Культуры"
Java Developer, iTechArt Group,https://rabota.by/vacancy/41774075?query=react,"Минск, Институт Культуры"
Lead .NET Engineer, iTechArt Group,https://rabota.by/vacancy/41119164?query=react,"Минск, Институт Культуры"
Solution Architect, Specific-Group,https://rabota.by/vacancy/41840676?query=react,"Минск, Парк Челюскинцев"
Angular Developer, Godel Technologies Europe,https://rabota.by/vacancy/41749682?query=react,Минск
Java Developer,ООО Смарт АйТи,https://rabota.by/vacancy/41740331?query=react,"Минск, Молодежная и еще 1 "
Java Middle Developer, Itransition,https://rabota.by/vacancy/41774732?query=react,Минск
Web-разработчик / Full-stack Web-developer (Фулстак разработчик),ООО Веб Фокус,https://rabota.by/vacancy/41735065?query=react,Минск
Java Senior Developer, Itransition,https://rabota.by/vacancy/41774981?query=react,Минск
Senior JavaScript Developer (React), Exadel,https://rabota.by/vacancy/41698756?query=react,Минск
Middle/Senior .NET-разработчик, СофтЛайнБел,https://rabota.by/vacancy/41738425?query=react,Минск
Full Stack PHP Developer, ЕВРООПТ,https://rabota.by/vacancy/41728629?query=react,"Минск, Каменная Горка"
Front-end Developer (Middle / Senior),ООО СолбегСофт,https://rabota.by/vacancy/41693099?query=react,Минск
Front-end Angular Team Lead, Itransition,https://rabota.by/vacancy/40615470?query=react,Минск
Senior PHP Developer,ООО Консалтинг энд Коачинг,https://hh.ru/vacancy/41857618?query=react,Минск
Senior Web Frontend Engineer, Flo Health,https://rabota.by/vacancy/41711451?query=react,"Минск, Восток"
Front-end Software Engineer  (в проект Big data & data visualization),ООО СВАПС системз,https://rabota.by/vacancy/41732195?query=react,"Минск, Петровщина"
Middle/Senior Frontend Developer, EIS Group,https://rabota.by/vacancy/41689888?query=react,"Минск, Грушевка"
Front-end React team lead, Itransition,https://rabota.by/vacancy/41659514?query=react,Минск
Junior Scala Developer, iTechArt Group,https://rabota.by/vacancy/41675846?query=react,"Минск, Институт Культуры"
Middle JS/React Native Developer, Wowmaking,https://rabota.by/vacancy/41882064?query=react,Минск
Full-Stack Javascript Developer, Бизнес Кванты,https://rabota.by/vacancy/41666316?query=react,Минск
Senior React Native Developer, Andersen,https://rabota.by/vacancy/41662432?query=react,Минск
Python Engineer,ООО Инспекторио Бел,https://rabota.by/vacancy/41176453?query=react,"Минск, Немига"
Java Software Developer, Частное предприятие AйФьючер / iFuture,https://rabota.by/vacancy/41700356?query=react,Минск
Senior JavaScript Developer (Full Stack), Exadel,https://rabota.by/vacancy/41659664?query=react,Минск
Lead Ruby on Rails / Team Leader, Exadel,https://rabota.by/vacancy/41690099?query=react,Минск
Golang+React Developer, instinctools,https://rabota.by/vacancy/41610905?query=react,Минск
Front-end developer Middle+/Senior, BelVG,https://rabota.by/vacancy/41631347?query=react,"Минск, Молодежная"
Middle/Senior PHP Developer, 21vek.by,https://rabota.by/vacancy/35163692?query=react,Минск
.NET Developer, iTechArt Group,https://rabota.by/vacancy/40543876?query=react,"Минск, Институт Культуры"
Senior JavaScript (ExtJS) Developer, Exadel,https://rabota.by/vacancy/41660473?query=react,Минск
.Net-разработчик, Innowise Group / Фабрика инноваций и решений,https://rabota.by/vacancy/41025831?query=react,Минск
Mid+ JavaScript Developer (Opportunity 1), Oxagile,https://rabota.by/vacancy/41069071?query=react,Минск
JS Software Engineer (React),ООО Кортлекс Бел,https://rabota.by/vacancy/36923246?query=react,Минск
QA Automation Engineer (Fintech), SoftSwiss,https://rabota.by/vacancy/41700319?query=react,Минск
Fullstack JS разработчик,ООО Мир Математики,https://rabota.by/vacancy/41621359?query=react,Минск
QA Automation Engineer (Python) - Disaster Management,ООО Контурные карты,https://rabota.by/vacancy/41714332?query=react,Минск
.NET developer, Oxagile,https://rabota.by/vacancy/40520308?query=react,"Минск, Михалово"
Middle/Senior Node.js Developer, instinctools,https://rabota.by/vacancy/41006203?query=react,Минск
Junior JS Developer, SoftSwiss,https://rabota.by/vacancy/41602921?query=react,Минск
PHP developer, Elilink,https://rabota.by/vacancy/41594372?query=react,"Минск, Академия наук"
Senior .NET Сore+React developer, Nitka Technologies,https://hh.ru/vacancy/41563928?query=react,Минск
Middle Back-End Developer,ООО БАНКОРП,https://rabota.by/vacancy/41597659?query=react,Минск
Senior Frontend developer,ООО ПСТ Лабс,https://rabota.by/vacancy/41558818?query=react,"Минск, Площадь Якуба Коласа"
Middle/Senior Front-end Developer (Angular), CactusSoft,https://rabota.by/vacancy/41546629?query=react,Минск
Разработчик 1С-Битрикс, SoftSwiss,https://rabota.by/vacancy/41660475?query=react,Минск
Node.JS Middle Developer, Itransition,https://rabota.by/vacancy/40973487?query=react,Минск
React Native Software Engineer,ООО Кортлекс Бел,https://rabota.by/vacancy/41520881?query=react,Минск
Middle/Senior Front-end Developer, instinctools,https://rabota.by/vacancy/41500107?query=react,Минск
Full-stack developer (Java/React),ООО Файердом Бел,https://rabota.by/vacancy/40982290?query=react,"Минск, Первомайская"
Senior/Lead .NET (Full-stack) Software Engineer,ООО IDT Technologies,https://rabota.by/vacancy/41660571?query=react,"Минск, Первомайская и еще 1 "
Senior React Developer,ООО Орион Софт,https://rabota.by/vacancy/41489441?query=react,Минск
QA Automation Engineer (C#), Andersen,https://rabota.by/vacancy/41657766?query=react,Минск
Frontend developer,ООО Касея БЛР,https://rabota.by/vacancy/41518204?query=react,Минск
IT Recruiter, Exadel,https://rabota.by/vacancy/41658388?query=react,Минск
JavaScript Developer in Test,АО Аркадия,https://hh.ru/vacancy/41548416?query=react,Минск
Full-Stack Developer (Node.js), Qulix Systems,https://rabota.by/vacancy/41035266?query=react,"Минск, Спортивная"
FullStack разработчик .net Core, ОнлайнРепетитор,https://rabota.by/vacancy/41508144?query=react,Минск
.NET Developer (Full Stack),ООО Корал Тим,https://rabota.by/vacancy/41526921?query=react,"Минск, Молодежная"
.NET Developer, Qulix Systems,https://rabota.by/vacancy/41036278?query=react,"Минск, Спортивная"
Middle Full Stack Developer (React+NodeJS),ООО СолвИтТим,https://rabota.by/vacancy/41466990?query=react,Минск
Frontend Software Engineer (ReactJS),ООО Софтарекс Технолоджиес,https://rabota.by/vacancy/41521667?query=react,"Минск, Уручье"
Senior Java Developer, iTechArt Group,https://rabota.by/vacancy/40006358?query=react,"Минск, Институт Культуры"
Full Stack developer,ООО WM Reply,https://rabota.by/vacancy/41525464?query=react,"Минск, Парк Челюскинцев"
PHP Senior Developer, Itransition,https://rabota.by/vacancy/41557120?query=react,Минск
Node.JS Senior Developer, Itransition,https://rabota.by/vacancy/41463668?query=react,Минск
PHP Middle Developer, Itransition,https://rabota.by/vacancy/40976772?query=react,Минск
PHP developer, Andersen,https://rabota.by/vacancy/41469985?query=react,"Минск, Немига"
Full-stack Developer (AngularJS+NodeJS), Scand,https://rabota.by/vacancy/41446719?query=react,"Минск, Институт Культуры"
Junior JavaScript Engineer (Full Stack),ООО Satellite Innovations / Сателлит Инновейшнс,https://rabota.by/vacancy/41482174?query=react,"Минск, Академия наук"
Defi front-end engineer, Altoros Development,https://rabota.by/vacancy/41544400?query=react,"Минск, Кунцевщина"
Xamarin Developer, Itransition,https://rabota.by/vacancy/41496403?query=react,Минск
Ruby разработчик, Andersen,https://rabota.by/vacancy/41470189?query=react,Минск
Full Stack Software Engineer (PHP+Angular),ООО Дигитеум,https://rabota.by/vacancy/41504796?query=react,Минск
Senior Ruby on Rails Developer,ООО Диджитализм,https://rabota.by/vacancy/41482270?query=react,Минск
РHP Tech Lead,ООО Кортлекс Бел,https://rabota.by/vacancy/41483443?query=react,Минск
Python Middle Developer, Itransition,https://rabota.by/vacancy/41484148?query=react,Минск
Front-end Software Engineer (в Fin-tech проект),ООО СВАПС системз,https://rabota.by/vacancy/41450301?query=react,"Минск, Петровщина"
Senior Full-stack .Net Developer,ООО Касея БЛР,https://rabota.by/vacancy/41486182?query=react,"Минск, Площадь Победы и еще 1 "
PHP Software Engineer,ООО Кортлекс Бел,https://rabota.by/vacancy/41483438?query=react,Минск
Senior Python Developer, Artezio,https://hh.ru/vacancy/41408729?query=react,Минск
Ruby on Rails Senior Developer, Itransition,https://rabota.by/vacancy/36836825?query=react,Минск
Рекрутер / HR (IT),ООО Финансово-инвестиционная компания ИНХО,https://rabota.by/vacancy/41516519?query=react,Минск
Full-stack Software Engineer (в Fin-tech проект),ООО СВАПС системз,https://rabota.by/vacancy/41450317?query=react,"Минск, Петровщина"
.Net Developer (senior level),ООО Дигитеум,https://rabota.by/vacancy/41459875?query=react,Минск
Full-stack engineer,ООО Дигитеум,https://rabota.by/vacancy/41458508?query=react,Минск
Full Stack ASP.NET Developer, Scand,https://rabota.by/vacancy/40357679?query=react,"Минск, Институт Культуры"
.Net/Fullstack developer (Middle), XPGraph,https://rabota.by/vacancy/41423278?query=react,Минск
JavaScript Developer (3D Modelling), Аристек Системс,https://rabota.by/vacancy/40842759?query=react,"Минск, Московская и еще 2 "
Full stack developer,ООО Сабаба Лэбс,https://rabota.by/vacancy/41421100?query=react,Минск
Full-stack Developer (.NET), Itransition,https://rabota.by/vacancy/40916172?query=react,Минск
Senior Java Software Engineer (net2phone),ООО IDT Technologies,https://rabota.by/vacancy/40348279?query=react,"Минск, Первомайская и еще 1 "
Site Reliability Engineer, Intetics,https://rabota.by/vacancy/40296529?query=react,"Минск, Молодежная"
Python developer, GlowByte Consulting,https://hh.ru/vacancy/40698626?query=react,Минск
SAPUI5 Developer, Emerline,https://rabota.by/vacancy/41650637?query=react,"Минск, Уручье"
Senior React Developer," Solvd, Inc / Корпорация СОЛВД",https://rabota.by/vacancy/42137673?query=react,"Минск, Институт Культуры"
PHP Developer,ООО ФармБонус,https://rabota.by/vacancy/41835583?query=react,Минск
Middle/ Senior Full Stack Developer (Node.js/React.js),ООО Финвин технолоджис,https://rabota.by/vacancy/42163378?query=react,"Минск, Площадь Якуба Коласа"
PHP Developer,ООО ЭСЕНТИМ,https://rabota.by/vacancy/42074714?query=react,Минск
PHP Back-end разработчик,ООО Виайпи Айти,https://rabota.by/vacancy/41563936?query=react,"Минск, Немига"
Senior Front-end Developer,ООО Бусел Капитал,https://rabota.by/vacancy/42085505?query=react,Минск
Senior Front-end developer,ООО Неотек Девелопмент,https://rabota.by/vacancy/42076147?query=react,Минск
Full-Stack Engineer (React/Node.js), Yellow,https://rabota.by/vacancy/41973580?query=react,"Минск, Купаловская и еще 2 "
Front-end разработчик,ООО Авентус ИТ,https://rabota.by/vacancy/41981341?query=react,Минск
Javascript developer with AWS Experience,УП Инсайтрей,https://rabota.by/vacancy/42041563?query=react,Минск
"Middle Fullstack NodeJS/React Developer (remote, relocate possible)",ООО ВебайлСофт,https://rabota.by/vacancy/40756793?query=react,Минск
Web разработчик Junior+/Middle (PHP/Javascript),ИП Куксанов И.В,https://rabota.by/vacancy/41894687?query=react,Минск
Веб-разработчик / Веб-программист,ООО АйтиДизайн,https://rabota.by/vacancy/41778092?query=react,Минск
Python developer, Норд-Софт,https://rabota.by/vacancy/41761243?query=react,Минск
Junior/Middle Front-End Developer,ООО ПСТ Лабс,https://rabota.by/vacancy/41659828?query=react,"Минск, Площадь Якуба Коласа"
PHP-программист,ООО ТКП-Софт,https://rabota.by/vacancy/41702445?query=react,Минск
Middle Full stack developer (.Net Core /React),ООО Масштабные решения,https://rabota.by/vacancy/41590217?query=react,"Минск, Институт Культуры"
Junior/Middle ASP.NET developer,ООО OmegaSoftware,https://rabota.by/vacancy/41547589?query=react,Минск
Javascript developer, Майфорт Солюшенс,https://rabota.by/vacancy/41457443?query=react,"Минск, Немига"
RoR developer,ИП Пашкевич В.Э,https://rabota.by/vacancy/41449359?query=react,Минск
Java-разработчик back Developer, Яроцкий Е. В.,https://rabota.by/vacancy/42115890?query=react,Минск
Developer .net edutech solutions, Bamboo Group,https://rabota.by/vacancy/42096533?query=react,"Минск, Восток"
Middle/Senior .Net Software developer,ООО Файненшл Технолоджи Компани,https://rabota.by/vacancy/41405656?query=react,"Минск, Уручье"
Middle/Senior .NET разработчик,ИП Крук А.С.,https://rabota.by/vacancy/41386407?query=react,Минск
Full stack developer,ИП Михальцева П.В.,https://rabota.by/vacancy/41884816?query=react,Минск
Fullstack Developer (Java + JS),ООО ЛанСофт,https://rabota.by/vacancy/40572097?query=react,"Минск, Грушевка"
Full Stack Software Engineer,ИП Романович М.А.,https://rabota.by/vacancy/41811370?query=react,Минск
Ruby On Rails developer,ООО ВарекорпБел,https://rabota.by/vacancy/41766820?query=react,Минск
Application Operations and Support Engineer,Иностр. п. Сеавус,https://rabota.by/vacancy/41801090?query=react,Минск
"Front End Engineer (Maps, React, TypeScript) - Disaster Management",ООО Контурные карты,https://rabota.by/vacancy/41671187?query=react,Минск
Инженер-программист, БелГИСС,https://rabota.by/vacancy/41641667?query=react,Минск
Python Developer,ООО Сампад,https://rabota.by/vacancy/41593223?query=react,Минск
Python разработчик (middle | senior),ООО Мегарост групп,https://rabota.by/vacancy/41528455?query=react,Минск
Ruby on Rails Developer Middle +/Senior,ООО Рубиройд Девелопмент,https://rabota.by/vacancy/41478213?query=react,"Минск, Площадь Победы и еще 1 "
Senior Angular developer,ООО Аквео,https://rabota.by/vacancy/40907699?query=react,Минск
.Net Developer,ООО СМ Технолоджис,https://rabota.by/vacancy/41423995?query=react,Минск
Backend Engineer (Java), Bamboo Group,https://rabota.by/vacancy/40854696?query=react,"Минск, Восток"
Machine learning/NN and MERN/MEVN tech stack Specialist,ИП Радионов П.А.,https://rabota.by/vacancy/41433084?query=react,Минск
IT Project Manager,ООО Satellite Innovations / Сателлит Инновейшнс,https://rabota.by/vacancy/41430727?query=react,"Минск, Академия наук"
Senior Salesforce developer,ООО КАСТОМЕРТАЙМС,https://rabota.by/vacancy/41421655?query=react,"Минск, Немига"
